FID,Park_Id,Park_Name,Owner,Ward,class,Shape_Leng,Shape_Area,Shape__Area,Shape__Length
1,PN43W5,Nashwaak Trail, ,Ward 5, ,769.168520774,5816.30250002,6.75336433e-07,0.007024191283208
2,PN43W5,Nashwaak Trail, ,Ward 5, ,8079.18374589,82229.2700008,9.550351043e-06,0.082767868746614
3,PS33W9,Massey Street Park, ,Ward 9, ,598.129160707,8082.29249998,9.37922523e-07,0.006659341170254
4,PN44W4,Massey Street Park, ,Ward 4, ,737.036844436,23638.7562502,2.744252411e-06,0.00810567385068
5,PN44W4,McEvoy Street Park, ,Ward 4, ,109.82271987,478.20999994,5.5517583e-08,0.001245147646033
6,PN45W1,McGregor Street Park, ,Ward 1, ,643.090796728,18589.3484446,2.158558602e-06,0.007272817168244
7,PN47W5,McKinley Avenue Park, ,Ward 5, ,114.021805568,761.337500007,8.8434423e-08,0.00128869441666
8,PN48W2,McKnight Street Park, ,Ward 2,Undeveloped,1321.13215359,45325.44125,5.264246846e-06,0.014276942558036
9,PN49W2,McLeod Hill Road Land, ,Ward 2,Undeveloped,261.868779677,3889.04000008,4.51775073e-07,0.002714876261849
10,PS22W8,Kimble Drive Park, ,Ward 8, ,1481.26601755,82921.1458897,9.619882492e-06,0.01664247594239
11,PN50W2,McLeod Hill Road Park, ,Ward 2,Undeveloped,660.652265126,9174.66624984,1.065598972e-06,0.006925356856868
12,PS29W7,Lincoln Trail, ,Ward 7, ,1389.37147228,22119.4337498,2.565976974e-06,0.017066190185222
13,PN53W3,Melvin Street Park, ,Ward 3, ,312.6229218,3202.5674999,3.71874204e-07,0.003491619459038
14,PS61W7,Vanier Trail, ,Ward 7, ,1610.16248225,17907.7825,2.076396549e-06,0.017377415358823
15,PS34W9,Mitchell Street Park, ,Ward 9,Undeveloped,228.235979833,2089.14499987,2.42445464e-07,0.002303310044847
16,PN52W4,Murray Avenue Park, ,Ward 4, ,533.261658226,6258.21357102,7.26576651e-07,0.005855489525684
17,PN43W5,Lincoln Trail, ,Ward 7, ,1172.89077847,11454.5950003,1.329835369e-06,0.01156753303961
18,PS35W9,Pembroke Crescent Park, ,Ward 9,Undeveloped,1043.40640507,17134.6675,1.988575001e-06,0.011316733414117
19,PS29W11,Lincoln Trail, ,Ward 11, ,1537.99212978,14182.5862501,1.645727892e-06,0.015445737417896
20,PN53W2,Nashwaaksis Commons, ,Ward 2, ,2412.74221019,96726.92125,1.1230909309e-05,0.026318971795317
21,PN56W1,NorthSide Trail, ,Ward 1, ,1359.20286972,13547.4625007,1.573016378e-06,0.017435419313959
22,PN54W2,Nashwaaksis Arena, ,Ward 2, ,536.521949846,16908.8775,1.963342554e-06,0.005743676612778
23,PN55W2,Neville Street Park, ,Ward 2, ,276.972064894,3501.02624995,4.06577567e-07,0.003075253381957
24,PN77W1,Manresa Drive Open Space, ,Ward 1,Undeveloped,1724.12803691,10257.5476947,1.191201985e-06,0.019396539282698
25,PN56W4,NorthSide Trail, ,Ward 4, ,835.368401242,8326.53250025,9.6652051e-07,0.008354740422895
26,PN56W4,NorthSide Trail, ,Ward 4, ,713.412003387,3768.53750017,4.37448836e-07,0.00785908717767
27,PS21W12,Islandview Park, ,Ward 12, ,606.454437962,11019.4050001,1.279120932e-06,0.007132826161442
28,PN56W4,NorthSide Trail, ,Ward 4, ,801.459075038,7318.39249993,8.49589551e-07,0.008488494296584
29,PN78W3,Cherry / Douglas Trail, ,Ward 3, ,726.430488178,9133.81124955,1.06073438e-06,0.008141344761739
30,PN56W3,NorthSide Trail, ,Ward 3, ,559.457631717,5194.29499986,6.03080446e-07,0.00681349861144
31,PS29W11,Lincoln Trail, ,Ward 11, ,963.773605585,8908.04874994,1.033769141e-06,0.01007179039332
32,PN4W2,Barton Crescent Park,City of Fredericton,Ward 2, ,517.887475161,6889.85749994,8.00194189e-07,0.005904968251266
33,PN56W3,NorthSide Trail, ,Ward 3, ,884.213899201,8535.28875043,9.91005599e-07,0.010771687933957
34,PN14W5,Cowperthwaite Park,City of Fredericton,Ward 5, ,360.268347212,6495.12000022,7.54309278e-07,0.004178404558135
35,PN56W2,NorthSide Trail, ,Ward 2, ,894.429953529,7130.27499981,8.2793185e-07,0.010539780766196
36,PN56W4,NorthSide Trail, ,Ward 4, ,678.01381663,6466.23624997,7.50657006e-07,0.00738133919126
37,PN56W2,NorthSide Trail, ,Ward 2, ,935.758622843,8900.12124993,1.033486087e-06,0.010640969974571
38,PN1W1,Adney Street Park, ,Ward 1, ,397.998657001,6388.69374971,7.41831053e-07,0.004454411948649
39,PN56W2,NorthSide Trail, ,Ward 2, ,483.817339274,4033.13750001,4.68349013e-07,0.005174753075016
40,PS2W8,Ascot Drive Park, ,Ward 8,Undeveloped,640.376587703,5849.64124987,6.78721333e-07,0.006869896350525
41,PN56W2,NorthSide Trail, ,Ward 2, ,215.422643613,1452.08220375,1.68625944e-07,0.002638791586048
42,PS61W7,Vanier Trail, ,Ward 7, ,453.485974291,5548.39500005,6.43300862e-07,0.005128952186105
43,PN56W1,NorthSide Trail, ,Ward 1, ,4409.16625107,43599.4427821,5.062651456e-06,0.05523693446262
44,PS12W8,Dover Crescent Park, ,Ward 8, ,349.487051817,5458.98250011,6.33326959e-07,0.003968182375841
45,PN56W1,NorthSide Trail, ,Ward 1, ,648.809083692,5590.12125026,6.49095697e-07,0.00821689888838
46,PN43W5,Nashwaak Trail, ,Ward 5, ,534.978150636,4672.89750005,5.42539366e-07,0.004979783963264
47,PN56W1,NorthSide Trail, ,Ward 1, ,1763.49855181,13774.23,1.599041625e-06,0.022616069540473
48,PN56W1,NorthSide Trail, ,Ward 1, ,455.49170062,3661.51875017,4.25147218e-07,0.005736724313075
49,PN56W1,NorthSide Trail, ,Ward 1, ,1933.91513111,14832.4524994,1.722147188e-06,0.024812962955457
50,PN56W3,NorthSide Trail, ,Ward 3, ,405.475933863,3266.72499999,3.79266374e-07,0.004897967620902
51,PN56W2,NorthSide Trail, ,Ward 2, ,101.716387158,614.066038924,7.1301148e-08,0.001131882983518
52,PN56W3,NorthSide Trail, ,Ward 3, ,1028.25735658,9820.02865851,1.140129346e-06,0.01251905068304
53,PS6W8,Cambridge Crescent Park,City of Fredericton,Ward 8, ,218.32327796,2836.10499995,3.29048232e-07,0.002482936017878
54,PS62W8,Gloucester \ Bliss Carman Neighbourhood Connector, ,Ward 8, ,579.068925259,1771.15125016,2.05500948e-07,0.006025432491432
55,PN56W3,NorthSide Trail, ,Ward 3, ,71.9520184229,306.853445829,3.5625194e-08,0.000761171539185
56,PN56W4,NorthSide Trail, ,Ward 4, ,234.739091016,1948.62312927,2.2623063e-07,0.002568473096254
57,PS4W8,Boyne Court Pathway,City of Fredericton,Ward 8,Undeveloped,225.005418873,1530.88875003,1.77620641e-07,0.002307906360748
58,PS36W11,Old burial Ground, ,Ward 11, ,577.239695577,18568.2324999,2.155287475e-06,0.0065370483828
59,PS63W9,Priestman to Willingdon Neighbour Connector, ,Ward 9, ,266.155727725,1324.41250004,1.53686262e-07,0.00261157113611
60,PS37W10,Odell Park, ,Ward 10, ,1869.5099283,142225.621451,1.6508072745e-05,0.022081654072694
61,PS29W11,Lincoln Trail, ,Ward 11, ,227.596611247,1262.98375002,1.46585374e-07,0.002358678893781
62,PS64W7,Edward to Adams Neighbour Connector, ,Ward 7, ,349.665762089,1065.25874983,1.23534156e-07,0.004029511467642
63,PS37W9,Odell Park, ,Ward 9, ,6873.35670912,1434609.82472,0.000166497914339,0.077012219370261
64,PN56W3,NorthSide Trail, ,Ward 3, ,133.855079714,929.580000017,1.07925476e-07,0.001561204999653
65,PN57W3,Park Street Park, ,Ward 3, ,486.125092098,9583.89375005,1.112863663e-06,0.005290568102234
66,PN79W4,Devon Avenue Green Space, ,Ward 4, ,127.474497108,909.468750024,1.05571261e-07,0.001353713315573
67,PS38W9,Pederson Crescent Park, ,Ward 9, ,406.178692099,4907.91312695,5.69526015e-07,0.004340744272504
68,PN56W3,NorthSide Trail, ,Ward 3, ,303.781687701,844.647500122,9.8063398e-08,0.003570049950988
69,PN56W3,NorthSide Trail, ,Ward 3, ,121.338849594,819.228749935,9.5113125e-08,0.001396669682706
70,PS39W11,Queen Square, ,Ward 11, ,694.644905332,30660.2850001,3.558439789e-06,0.007691385071687
71,PS65W8,Sheffield to Forest Hill Neighbour Connector, ,Ward 8, ,216.497456469,803.599999962,9.3236531e-08,0.002558709216053
72,PS66W11,Montgomery to Gregg Neighbour Connector, ,Ward 11, ,168.666209082,729.863749887,8.4694642e-08,0.001748643235391
73,PN58W2,Randoldh Street Park, ,Ward 2, ,496.088972482,13245.5962497,1.538525788e-06,0.005665950808754
74,PS40W8,Reading Street Park, ,Ward 8, ,1613.98799904,125766.54,1.4591668378e-05,0.018128236241416
75,PN56W4,NorthSide Trail, ,Ward 4, ,150.207161284,658.735000064,7.6469908e-08,0.001656602315758
76,PN56W4,NorthSide Trail, ,Ward 4, ,148.388482884,644.813750033,7.48546e-08,0.001625372488158
77,PS41W10,Regent Street at Kings College, ,Ward 10, ,84.6526168476,363.208750033,4.2150859e-08,0.000905677008917
78,PS41W10,Regent Street at Kings College, ,Ward 10, ,280.185712392,1886.73625006,2.18956417e-07,0.002908961080888
79,PN80W3,Mullberry to Broad Neighbour Connector, ,Ward 3, ,167.413219309,488.163750093,5.6686449e-08,0.001747161125632
80,PS42W11,Regent Street park, ,Ward 11, ,222.538213244,1473.53500005,1.71010185e-07,0.002319317044502
81,PN81W3,Wiggins to Douglas Neighbour Connector, ,Ward 3, ,167.276837427,464.612500031,5.3953667e-08,0.002113116343534
82,PN59W5,River Street Green, ,Ward 5, ,1252.1397987,15503.0962506,1.800187527e-06,0.011881034436472
83,PS67W7,Piercy to Adams Neighbourhood Connector, ,Ward 7, ,168.165573675,458.54499995,5.3177558e-08,0.001643794207794
84,PS68W8,Woodridge to Topcliffe Neighbourhood Connector, ,Ward 8, ,192.059521366,440.835000024,5.1142517e-08,0.00235637185368
85,PN60W3,Riverfront North green, ,Ward 3, ,369.01770133,2112.17124965,2.45228587e-07,0.003717524304048
86,PN82W3,Wiggins to Staples Neighbourhood Connector, ,Ward 3,undeveloped - neighbour connector,150.115081878,416.191249996,4.8330929e-08,0.001806321528335
87,PS69W8,Derby to London Neighbourhood Connector, ,Ward 8, ,146.697547494,411.324999943,4.7716612e-08,0.001565729166312
88,PN60W3,Riverfront North green, ,Ward 3, ,356.264946132,2575.47499985,2.99002093e-07,0.004259159285009
89,PN83W3,Carrington to Lexington Neighbourhood Connector, ,Ward 3, ,150.109917997,409.445000093,4.7550018e-08,0.001412398595672
90,PS70W8,Folkstone to Rochester Neighbourhood Connector, ,Ward 8, ,144.83403695,392.017500023,4.5481544e-08,0.001470207801354
91,PN60W3,Riverfront North green, ,Ward 3, ,399.591773461,2785.14499994,3.23348061e-07,0.004923789000013
92,PS71W8,Topcliffe to Topcliffe Neighbourhood Connector, ,Ward 8, ,155.155560132,357.237500009,4.1444341e-08,0.001925327654621
93,PN84W1,Diamond to McGregor Neighbourhood Connector, ,Ward 1, ,162.00353213,351.624999945,4.083018e-08,0.001935810263808
94,PN60W3,Riverfront North green, ,Ward 3, ,319.108636947,6583.22375002,7.64310862e-07,0.003459814020751
95,PS72W8,Beaconsfield to Bristol Neighbourhood Connector, ,Ward 8, ,156.180915881,337.675000066,3.9172948e-08,0.001449976303424
96,PN85W3,Maple to Linden Neighbourhood Connector, ,Ward 3, ,155.641762308,325.733749868,3.7822435e-08,0.001579137177925
97,PN60W3,Riverfront North green, ,Ward 3, ,309.148517097,6735.35874985,7.8196766e-07,0.003537392507529
98,PS73W12,Castleton to Southhall Neighbourhood Connector, ,Ward 12, ,137.573459404,315.943749936,3.667152e-08,0.001737335563258
99,PS74W7,Tweedie to Pugsley Neighbourhood Connector, ,Ward 7, ,145.637248935,314.428750104,3.6475002e-08,0.001501157697515
100,PN60W3,Riverfront North green, ,Ward 3, ,1190.08966175,12584.1450001,1.461001485e-06,0.013730532588479
101,PS75W7,Vanier Ind. to Edward Neighbourhood Connector, ,Ward 7, ,111.834101264,299.72749995,3.4758628e-08,0.001284011897073
102,PS76W7,Barbara to Kimble Neighbourhood Connector, ,Ward 7, ,88.7021150937,289.407499957,3.357437e-08,0.001075373746178
103,PN60W3,Riverfront North green, ,Ward 3, ,1556.42971722,36796.8424997,4.272106722e-06,0.018645007579219
104,PS77W7,Wetmore to Bliss Neighbourhood Connector, ,Ward 7, ,140.429952647,289.186249884,3.3545367e-08,0.001609520931057
105,PN60W3,Riverfront North green, ,Ward 3, ,1320.93722057,56094.0300001,6.512607229e-06,0.014403248233352
106,PS78W8,Canterbury to Birmingham Neighbourhood Connector, ,Ward 8, ,122.517637421,270.179999999,3.1343429e-08,0.001277578337594
107,PS80W9,Willingdon to Stanley Neighbourhood Connector, ,Ward 9, ,197.639090254,255.596250073,2.9660405e-08,0.001810732495162
108,PS42W10,Riverfront South Green, ,Ward 10, ,296.90397804,5648.60750008,6.55719642e-07,0.003383110489589
109,PS81W8,Leicester to Chelsea  Neighbourhood Connector, ,Ward 8, ,140.448186804,213.314999923,2.4749307e-08,0.00128972223937
110,PS82W8,Norfolk to Liverpool Neighbourhood Connector, ,Ward 8, ,138.41063748,206.959999845,2.4010251e-08,0.001507774368946
111,PS42W10,Riverfront South Green, ,Ward 10, ,309.025027049,6512.10750018,7.559515e-07,0.003281169125921
112,PS83W8,Cambridge to Manchester Neighbourhood Connector, ,Ward 8, ,191.546953677,203.240000169,2.3579646e-08,0.001740871656392
113,PS84W8,Coventry to Canterbury Neighbourhood Connector, ,Ward 8, ,143.2856519,188.436249977,2.1862324e-08,0.001825034356616
114,PS42W10,Riverfront South Green, ,Ward 10, ,1291.85085784,13455.6925001,1.562011345e-06,0.015299441886781
115,PN3W6,Barkers Point Cenotaph Area,City of Fredericton,Ward 6,Undeveloped,877.007950861,19643.6424998,2.279886696e-06,0.008978758280222
116,PS42W10,Riverfront South Green, ,Ward 10, ,1950.78107457,37104.959779,4.307432617e-06,0.024187318714711
117,PN5W5,Boss Gibson Monument Area,City of Fredericton,Ward 5, ,1542.77485803,16677.7112504,1.936666479e-06,0.014535981890244
118,PS42W10,Riverfront South Green, ,Ward 10, ,402.543675857,2708.26024755,3.14390547e-07,0.0049874282026
119,PS5W8,Canterbury Drive Park,City of Fredericton,Ward 8, ,924.395574749,30502.7399999,3.538730156e-06,0.009955611756752
120,PS42W10,Riverfront South Green, ,Ward 10, ,433.546806836,3528.48950508,4.09605451e-07,0.004791830410333
121,PN6W1,Burpee Street Park,City of Fredericton,Ward 1, ,1005.65227796,41588.6887499,4.828811976e-06,0.010950632712077
122,PS42W11,Riverfront South Green, ,Ward 11, ,1934.35543707,28686.2269067,3.329933334e-06,0.021017857786424
123,PN7W5,Campbell Creek Open Space - Mill Pond,City of Fredericton,Ward 5, ,2470.12556479,65273.82375,7.580043005e-06,0.027675644240399
124,PS42W10,Riverfront South Green, ,Ward 10, ,431.631006606,6728.53654288,7.8108321e-07,0.004846426269923
125,PN7W5,Campbell Creek Open Space - Mill Pond,City of Fredericton,Ward 5, ,148.71310602,1143.38749993,1.32786429e-07,0.001699204800578
126,PN8W4,Carleton Park,City of Fredericton,Ward 4, ,749.273070074,28148.1900002,3.2673056e-06,0.007758929819733
127,PS42W10,Riverfront South Green, ,Ward 10, ,489.660122627,8458.3924499,9.81874726e-07,0.005552284138965
128,PS42W11,Riverfront South Green, ,Ward 11, ,867.311746997,14367.4448297,1.667733441e-06,0.010032982040813
129,PN8W4,Carleton Park,City of Fredericton,Ward 4, ,537.749236064,16291.0237502,1.891055337e-06,0.005818600008502
130,PN60W3,Riverfront North green, ,Ward 3, ,1365.54968518,21748.7602624,2.525059531e-06,0.014530168793232
131,PS7W7,Case Street Park,City of Fredericton,Ward 7, ,372.092928005,4817.4475,5.58765206e-07,0.004130179536263
132,PN61W3,Riverside Park, ,Ward 3, ,362.553315943,4627.78757236,5.37294164e-07,0.00396268854209
133,PS8W11,Queen Street Cenotaph,City of Fredericton,Ward 11, ,86.7241787938,254.777500006,2.9572224e-08,0.000913500998615
134,PN9W6,Charles Avenue Park,City of Fredericton,Ward 6, ,158.464223007,1478.21,1.71568127e-07,0.001662095060741
135,PN61W1,Robinson Park Drive, ,Ward 1, ,263.684313546,1448.56374992,1.68203581e-07,0.002826321876665
136,PN10W2,Cherry Avenue Park,City of Fredericton,Ward 2, ,246.246881992,1836.02625004,2.13199922e-07,0.002578857029996
137,PS43W12,Rosewood Estates Park, ,Ward 12, ,428.616659183,5305.46124987,6.1587737e-07,0.004491445933159
138,PN11W2,City Avenue Open Space,City of Fredericton,Ward 2, ,2007.84342248,150487.36125,1.7472419823e-05,0.021767792302192
139,PN62W2,Royal Road Park, ,Ward 2, ,917.498238013,39270.3387501,4.560384737e-06,0.010527056932518
140,PN18W5,Downing Street Park, ,Ward 5, ,548.385963104,15584.9178245,1.809703936e-06,0.006139849780201
141,PN12W5,Clark Street Rifle Range,City of Fredericton,Ward 5,Undeveloped,5521.75117609,966710.403748,0.000112277378546,0.05764088052693
142,PN63W5,Royals Field, ,Ward 5, ,1765.3915013,94037.379675,1.0919968748e-05,0.018501493586373
143,PN12W5,Clark Street Rifle Range,City of Fredericton,Ward 5,Undeveloped,910.352367737,47537.0612501,5.520047474e-06,0.010072306671561
144,PN64W3,Sierra Drive  Park, ,Ward 3, ,595.078921326,10219.4575,1.186808771e-06,0.006682015665622
145,PS44W10,Small Craft Aquatic Center, ,Ward 10, ,231.584194199,3302.48749999,3.83375863e-07,0.002565123327324
146,PN13W5,Clayton Street Park,City of Fredericton,Ward 5, ,446.896623965,3931.51124995,4.56616552e-07,0.004483327891183
147,PS45W10,Smythe Street Green, ,Ward 10, ,235.889274793,1435.37624992,1.66623396e-07,0.002476956147294
148,PN13W5,Clayton Street Park,City of Fredericton,Ward 5, ,232.008228745,3315.26500003,3.85045629e-07,0.002518091192524
149,PS45W10,Smythe Street Green, ,Ward 10, ,216.163746466,903.621249841,1.04893759e-07,0.002267257776711
150,PS9W12,Coburn Court Park,City of Fredericton,Ward 12, ,459.095055101,6651.78695286,7.72153977e-07,0.005133354638329
151,PS45W10,Smythe Street Green, ,Ward 10, ,42.4697146908,80.3975000161,9.332778e-09,0.000454467163325
152,PS45W10,Smythe Street Green, ,Ward 10, ,229.965918928,1384.50375008,1.60711443e-07,0.002384415598301
153,PS10W12,Coburn Drive Park,City of Fredericton,Ward 12,Undeveloped,402.179262576,6221.59749997,7.22205135e-07,0.004531736592815
154,PS46W7,Stoneybrook Crescent Park, ,Ward 7, ,1468.14544827,26567.9650002,3.082049364e-06,0.016070115472462
155,PS11W12,Colonial Heights Park,City of Fredericton,Ward 12,Undeveloped,751.597412459,11390.2671026,1.322076579e-06,0.007911207572048
156,PN65W1,Sunset Drive, ,Ward 1,Undeveloped,253.36836005,1688.11875004,1.96006752e-07,0.002843708857478
157,PN15W5,Crocket Street Park A, ,Ward 5, ,534.247039033,7597.67499989,8.82227934e-07,0.00615556621277
158,PN66W6,Timber Lane Park, ,Ward 6, ,250.943422158,3542.86874991,4.1106517e-07,0.002666157444378
159,PN16W5,Crocket Street Park B, ,Ward 5,Undeveloped,325.153138174,4536.08249997,5.26711472e-07,0.003305087496626
160,PS29W11,Lincoln Trail, ,Ward 11, ,240.198081622,1203.70250001,1.3970922e-07,0.002875492979129
161,PN17W6,Dewitt Acres Park, ,Ward 6, ,220.328971893,2827.81125004,3.28184412e-07,0.002390461837238
162,PS47W11,University Avenue Green, ,Ward 11, ,246.322844148,2119.46249993,2.45994681e-07,0.002575804830885
163,PN19W2,Dykeman Street Park, ,Ward 2,Undeveloped,750.011218795,18346.3719488,2.130585427e-06,0.008042443748597
164,PS47W11,University Avenue Green, ,Ward 11, ,244.424652938,1902.89124991,2.20861632e-07,0.002555689976391
165,PS48W10,Valley Trail, ,Ward 10, ,870.287101292,4360.34199485,5.06113524e-07,0.011055897721535
166,PS13W12,Eagle / Birdie Park, ,Ward 12, ,480.001977215,4050.29093547,4.7013535e-07,0.005339481203484
167,PS48W10,Valley Trail, ,Ward 10, ,1099.80162644,10508.5024996,1.219776251e-06,0.013937110001006
168,PN20W5,Elliott Street park, ,Ward 5, ,327.524053336,4291.93624983,4.98368205e-07,0.003366181887735
169,PN21W3,Evans Street park, ,Ward 3, ,730.324290189,15701.7862501,1.823349237e-06,0.00801327696571
170,PS48W12,Valley Trail, ,Ward 12, ,1127.34072489,12391.95125,1.438407909e-06,0.013570935642279
171,PS48W12,Valley Trail, ,Ward 12, ,775.825121905,8799.51000011,1.021453464e-06,0.009243903386828
172,PS14W7,Tilley Drive Park, ,Ward 7, ,435.428890487,8114.27624995,9.4120887e-07,0.004651431320678
173,PS48W12,Valley Trail, ,Ward 12, ,1309.19822904,16052.3362499,1.863412752e-06,0.016401544423698
174,PS27W7,Limerick / Flemming Park, ,Ward 7,Booster Station,325.330963143,1980.82750002,2.29767436e-07,0.003374020893693
175,PN22W4,Forbes Street Open Space, ,Ward 4,Undeveloped,218.792015131,2743.61999998,3.18524924e-07,0.002343510442631
176,PS48W12,Valley Trail, ,Ward 12, ,15441.8662204,219562.55,2.5488914751e-05,0.195468300634284
177,PS15W7,Fredericton Yacht Club, ,Ward 7, ,662.553094162,15253.9812499,1.769697706e-06,0.006973443082753
178,PS16W10,Fredericton Raceway Fields, ,Ward 10, ,1160.50941402,72239.2637503,8.38524274e-06,0.012792025791424
179,PS1W12,Angelview Park, ,Ward 12, ,523.724713726,8688.0614138,1.008579547e-06,0.006355949625747
180,PN23W6,Gibson Trail, ,Ward 6, ,703.177789894,10181.2149998,1.181677006e-06,0.0071562282847
181,PS1W12,Angelview Park, ,Ward 12, ,459.729823101,5094.15194751,5.91362793e-07,0.005612415090639
182,PN23W4,Gibson Trail, ,Ward 4, ,620.405548797,9154.13375011,1.06251991e-06,0.007189448848446
183,PN76W4,Barkers Street Sports Field, ,Ward 4, ,608.59305031,23608.7150002,2.740278966e-06,0.006494225629515
184,PN67W1,Willis Street Park, ,Ward 1,Undeveloped,219.078532938,1018.74750006,1.18300837e-07,0.002424089160985
185,PN23W6,Gibson Trail, ,Ward 6, ,2022.82411811,38227.4024999,4.436585209e-06,0.023331019175276
186,PS49W10,Wilmot Park, ,Ward 10, ,1186.06532576,84339.5487499,9.790261591e-06,0.013573565305129
187,PN23W6,Gibson Trail, ,Ward 6, ,1675.16109839,23617.6724994,2.740912909e-06,0.016639257954523
188,PS50W8,Woodbridge Street Park, ,Ward 8,Undeveloped,467.422374564,8629.88500001,1.001225481e-06,0.005333086347506
189,PS17W8,Gloucester Crescent Park, ,Ward 8, ,571.748055764,6186.79749985,7.17821529e-07,0.006448671105082
190,PS51W8,Woodbridge Street Pool, ,Ward 8, ,146.76924876,1283.04124996,1.48861972e-07,0.001574987392718
191,PN24W3,Gourley Park, ,Ward 3,Undeveloped,501.913876304,9779.12250008,1.135444397e-06,0.005460957146941
192,PS51W12,Woodstock Road Open Space, ,Ward 12,Undeveloped,510.571894304,4562.27749996,5.29603607e-07,0.005749938136305
193,PS18W11,Gregg Court Park, ,Ward 11, ,203.130184571,1726.37499993,2.0033427e-07,0.002126062764368
194,PN68W4,York Arena, ,Ward 4,Arena,587.951469214,10135.5159755,1.176497927e-06,0.0064601345832
195,PN69W1,York County Municipal Home Cemetery, ,Ward 1,Cemetery,271.233602469,1927.60499997,2.23824332e-07,0.003205799334755
196,PN25W2,Haines Crescent Park, ,Ward 2,Undeveloped,326.034578693,2025.96250002,2.35282147e-07,0.003523473052462
197,PN69W1,York County Municipal Home Cemetery, ,Ward 1,Cemetery,140.112341524,1085.00374992,1.25985194e-07,0.001470279778541
198,PS19W12,Hanwell Road Open Space, ,Ward 12, ,167.908371798,1706.2375,1.97965406e-07,0.001910417866677
199,PN70W4,Young Street Park, ,Ward 4, ,801.288923783,19106.5337499,2.218185437e-06,0.009102976136182
200,PN26W5,Harrison Court Park, ,Ward 5, ,298.54431907,5511.71125016,6.39976848e-07,0.003249943356514
201,PN71W5,Alexander Gibson Memorial School,Province,Ward 5, ,629.69270411,18110.5974999,2.102838512e-06,0.007093346385246
202,PN27W2,Hawkins Street Park, ,Ward 2, ,358.257994515,3574.9174999,4.15138774e-07,0.003908977563958
203,PN28W4,Henry Park, ,Ward 4, ,1035.19728102,43514.7187499,5.051360305e-06,0.011419811759398
204,PN72W4,Devon Middle School Sports Field,Province,Ward 4, ,764.031964911,29896.1062503,3.470682611e-06,0.008289608322261
205,PN29W5,Heritage Center, ,Ward 5, ,396.75824007,8371.20124996,9.71962936e-07,0.004339654328329
206,PS52W8,Ecole St. Anne Sports Field,Province,Ward 8, ,430.158015981,11280.6819312,1.309005148e-06,0.004826697695995
207,PN30W4,Hillcrest Drive Park, ,Ward 4, ,217.179215334,2803.12500011,3.25442564e-07,0.002465489356074
208,PS53W9,"Fredericton High School (Fields,Tennis,Basketball)",Province,Ward 9, ,1341.97888776,75547.9652996,8.76642523e-06,0.014715233940869
209,PS54W8,Forest Hill Road School  - Foster Field,Province,Ward 8, ,309.297269225,5831.86573215,6.76645892e-07,0.003368167049635
210,PS20W12,Hummingbird Street Park, ,Ward 12, ,286.616872215,4187.4549999,4.86095119e-07,0.003454650460731
211,PS55W12,"Garden Creek School (Sports field,Rink,Tennis)",Province,Ward 12, ,742.723216745,15537.4706812,1.803642537e-06,0.008311202323979
212,PN31W6,Hyla Park, ,Ward 6, ,1371.96523523,88437.5274997,1.0263602317e-05,0.015408040269828
213,PN73W1,Mcadam Avenue School,Province,Ward 1, ,833.094457066,29736.9529875,3.453006725e-06,0.009496138799335
214,PN32W4,Irvine Street Park, ,Ward 4, ,196.393443431,1947.61874995,2.26105177e-07,0.002012779898204
215,PN32W4,Irvine Street Park, ,Ward 4,Undeveloped,812.628882519,11208.9774999,1.301249e-06,0.008340312730797
216,PN74W2,Nashwaaksis Memorial School ( Tennis Court),Province,Ward 2, ,189.604824325,2265.54035945,2.63068205e-07,0.002096018487777
217,PN75W3,Nashwaaksis Middle School,Province,Ward 3, ,2615.52273739,168466.35375,1.9563642703e-05,0.029456024228016
218,PN34W1,Kent Street Park, ,Ward 1, ,362.826446004,7507.78750007,8.71760568e-07,0.004020199859522
219,PS3W9,Beechwood Crescent Park, ,Ward 9, ,411.969569091,3651.82605411,4.23791532e-07,0.004412443998002
220,PN35W3,Killarney Lake Park, ,Ward 3, ,8649.09445781,2318270.8775,0.000269386787537,0.091150164446597
221,PN2W6,Barkers Point  School Sportsfield,Dept of Supply & Services,Ward 6, ,417.281722459,10057.2639201,1.167218471e-06,0.004788538641572
222,PS23W11,Lady Beaverbrook Arena, ,Ward 11,Arena,357.914034137,8069.11749994,9.36465286e-07,0.003895173761909
223,PN43W4,Nashwaak Trail, ,Ward 4, ,1157.57640807,11170.0277903,1.296716476e-06,0.014097606754304
224,PN43W4,Nashwaak Trail, ,Ward 4, ,1157.57640807,11170.0277903,1.296716476e-06,0.014097606754304
225,PN36W5,LaPointe Street Park, ,Ward 5, ,261.526443489,3844.48625009,4.46374101e-07,0.002845893007227
226,PN43W5,Nashwaak Trail, ,Ward 5, ,223.6184636,1849.74567217,2.14740174e-07,0.002645588763788
227,PN23W6,Gibson Trail, ,Ward 6, ,3236.01213373,48667.1551081,5.648735415e-06,0.03711000043586
228,PN36W5,LaPointe Street Park, ,Ward 5, ,107.749835201,701.188750048,8.1412635e-08,0.001158283926944
229,PN37W4,Lawson Court Park, ,Ward 4, ,339.021044771,2062.03374997,2.3937754e-07,0.003952980405836
230,PN23W5,Gibson Trail, ,Ward 5, ,4098.8558801,62911.7360776,7.30361097e-06,0.042228464263048
231,PS24W8,Leeds Drive Park, ,Ward 8, ,220.593932763,2886.64375009,3.34910143e-07,0.002387037252105
232,PS25W7,Limerick Road Park, ,Ward 7, ,1255.63468222,36457.8792932,4.229096774e-06,0.013708055624507
233,PS29W7,Lincoln Trail, ,Ward 7, ,1594.27109098,19317.0879711,2.241023736e-06,0.017056061238803
234,PS29W8,Lincoln Trail, ,Ward 8, ,1847.775147,22483.6676682,2.608674248e-06,0.018801410941391
235,PS26W7,Limerick Road School Land,Province,Ward 7, ,537.820141121,16447.5150002,1.907891524e-06,0.005950672062614
236,PS27W7,Lincoln Heights Park, ,Ward 7, ,1770.545591,45695.2912498,5.299135259e-06,0.019652705203174
237,PS56W12,Golf Club Road Land, ,Ward 12,Undeveloped,310.070788817,5865.86249994,6.80901339e-07,0.003260579336166
238,PS28W7,Lincoln Park, ,Ward 7, ,587.47384152,16514.0562499,1.914936968e-06,0.006149722360508
239,PS57W12,Law Society Land, ,Ward 12, ,289.477844666,4650.48999997,5.39744996e-07,0.003335995592832
240,PS29W11,Lincoln Trail, ,Ward 11, ,108.868840202,427.39499994,4.9606447e-08,0.00131721814678
241,PS58W8,Lincoln Road Green at Yacth Club, ,Ward 8, ,2103.06900643,23513.2937501,2.728166128e-06,0.02181832778523
242,PS29W11,Lincoln Trail, ,Ward 11, ,244.122405674,1793.91125002,2.08209809e-07,0.002601210671552
243,PN77W6,McMann Street, ,Ward 6,Undeveloped,167.425036962,1556.62250006,1.80665098e-07,0.001809948366168
244,PS29W11,Lincoln Trail, ,Ward 11, ,731.855400032,6443.55749984,7.47829028e-07,0.007518019992782
245,PS59W7,Harland Court Wetland, ,Ward 7,Undeveloped,1106.39583774,28445.8512501,3.298450127e-06,0.012448224071673
246,PS29W11,Lincoln Trail, ,Ward 11, ,399.88257361,3113.21125013,3.61303681e-07,0.004034205674744
247,PS60W7,Dora Drive Trail, ,Ward 7, ,479.09502218,7358.56874981,8.53304171e-07,0.00565695817706
248,PS61W7,Vanier Trail, ,Ward 7, ,6349.35217827,67591.0186074,7.839834686e-06,0.0623183784367
249,PS60W7,Dora Drive Trail, ,Ward 7, ,412.635439695,4510.61249987,5.23045164e-07,0.004444530381045
250,PS29W7,Lincoln Trail, ,Ward 7, ,6043.39022992,69763.9987498,8.092079612e-06,0.067390229670671
251,PN86W1,Hemlock to McAdam Neighbourhood Connector, ,Ward 1, ,136.128200058,212.415,2.4665331e-08,0.00173090257966
252,PN88W4,Neil to Carney Neighbourhood Connector, ,Ward 4, ,156.333770834,361.587499912,4.1976961e-08,0.001781481571039
253,PN89W5,Downing to Elliott Connector, ,Ward 5, ,187.756465887,628.032499968,7.2925595e-08,0.002352979077051
254,PS29W7,Lincoln Trail, ,Ward 7, ,380.164235748,5043.22749983,5.84853976e-07,0.003699262833187
255,PS87W7,Lincoln Road to Water Plant, ,Ward 7, ,124.313424513,839.847500021,9.7409763e-08,0.00128706693557
256,PS87W7,Lincoln Road to Water Plant, ,Ward 7, ,156.40531071,511.342500063,5.9307904e-08,0.001606435993667
257,PS29W7,Lincoln Trail, ,Ward 7, ,1121.23619292,15768.8287502,1.828588682e-06,0.011496308387634
258,PS88W7,Barbara Court, ,Ward 7, ,96.0943667823,250.84874994,2.9100966e-08,0.001140206093261
259,PS89W8,Derby Neighbourhood Connector, ,Ward 8,Undeveloped neighbourhood connector,103.952525071,363.654697535,4.2186155e-08,0.001215387171375
260,PS29W7,Lincoln Trail, ,Ward 7, ,1334.56589123,19418.8579583,2.25169031e-06,0.014453625311433
261,PS90W9,Montogomery to Oxford Neighbourhood Connector, ,Ward 9, ,167.448348468,438.374999865,5.087397e-08,0.00171668274738
262,PS92W11,Kitchen to Regent Neighbourhood Connector, ,Ward 11, ,110.184855854,163.138749968,1.8932937e-08,0.001308460869916
263,PN38W3,Linden Court, ,Ward 3,Undeveloped,169.930300942,852.698750046,9.9012999e-08,0.001826949539874
264,PS93W11,Kitchen to Hanson Neighbourhood Connector, ,Ward 11, ,0,0,,
265,PS94W12,Bishop Drive, ,Ward 12,Undeveloped,1219.80806282,46148.5824998,5.355013869e-06,0.013025880580148
266,PS30W8,London Court Park, ,Ward 8, ,691.525437919,12968.4524999,1.50441805e-06,0.007733144202077
267,PS31W11,Loyalist Cemetary, ,Ward 11, ,113.276414399,727.678750055,8.4442852e-08,0.001241101561664
268,PS61W7,Vanier Trail, ,Ward 7, ,2335.56355446,33672.8114463,3.905434122e-06,0.026100836854459
269,PN39W4,MacPherson Street Park, ,Ward 4,Undeveloped,1399.5113403,14453.9749997,1.678007553e-06,0.015603088792489
270,PS95W12,Silverwood Lagoon property, ,Ward 12,Undeveloped,1065.03986129,40754.9675002,4.731195165e-06,0.011250783818501
271,PN40W4,Malloy Park, ,Ward 4, ,1004.14868677,38768.5587502,4.500650055e-06,0.011624542397417
272,PN99W3,Fredericton Dog Park,City of Fredericton,Ward 3,Dog Park,255.881401529,2981.74011751,3.46184766e-07,0.00268107599176
273,PN41W3,Mannington Lane Park, ,Ward 3, ,444.175732924,7238.38903001,8.40633774e-07,0.005046219620879
274,PS96W12,Mayflower Street Park,City of Fredericton,Ward 12, ,272.873339508,3937.81125011,4.57122298e-07,0.00285190881965
275,PN42W5,Marysville Cenotaph, ,Ward 5, ,381.805990353,3242.93000014,3.76548209e-07,0.003630122318642
276,PS32W11,The Green, ,Ward 11, ,854.926721302,15773.64375,1.830858734e-06,0.008648251632182
277,PS32W11,The Green, ,Ward 11, ,4115.74419409,123738.63875,1.4359640883e-05,0.039664326712533
278,PN43W4,Nashwaak Trail, ,Ward 4, ,261.587698143,2043.38249983,2.3717608e-07,0.003194000323665
279,PN43W4,Nashwaak Trail, ,Ward 4, ,1208.13121391,8150.8162493,9.46032137e-07,0.015251991651362
280,PN43W4,Nashwaak Trail, ,Ward 4, ,783.979421104,8086.04125018,9.38560127e-07,0.00927619618213
281,PN43W4,Nashwaak Trail, ,Ward 4, ,2881.15632148,30755.0937502,3.569824095e-06,0.034040300944715
282,PN43W4,Nashwaak Trail, ,Ward 4, ,176.364240412,960.789999979,1.11535434e-07,0.002162745753069
